<VSISparseFile>
  <Length>2200000148</Length>
  <SubfileRegion> 
    <Filename relative="1">huge_geom_start.gml</Filename>
    <DestinationOffset>0</DestinationOffset>
    <SourceOffset>0</SourceOffset>
    <RegionLength>718</RegionLength>
  </SubfileRegion>

  <ConstantRegion>
    <DestinationOffset>718</DestinationOffset>
    <RegionLength>2199999282</RegionLength>
    <Value>32</Value>
  </ConstantRegion>

  <SubfileRegion>
    <Filename relative="1">huge_geom_end.gml</Filename>
    <DestinationOffset>2200000000</DestinationOffset>
    <SourceOffset>0</SourceOffset>
    <RegionLength>148</RegionLength>
  </SubfileRegion>
</VSISparseFile>