<?xml version="1.0" encoding="UTF-8"?>
<gml:FeatureCollection xmlns:gml="http://www.opengis.net/gml/3.2"
                       xmlns:xsi="http://www.w3.org/2001/XMLSchema-instance"
                       xmlns:xlink="http://www.w3.org/1999/xlink" 
                       xmlns:base="urn:x-inspire:specification:gmlas:BaseTypes:3.2"
                       xmlns:cp="urn:x-inspire:specification:gmlas:CadastralParcels:3.0"
                       gml:id="some_id"
                       xsi:schemaLocation="urn:x-inspire:specification:gmlas:CadastralParcels:3.0 http://esdin.fgi.fi/schemas/BasicPropertyUnits.xsd">
  <gml:boundedBy>
    <gml:Envelope srsName="urn:ogc:def:crs:EPSG::4326">
      <gml:lowerCorner>49 2</gml:lowerCorner>
      <gml:upperCorner>50 3</gml:upperCorner>
    </gml:Envelope>
  </gml:boundedBy>
  <gml:featureMember>
    <cp:BasicPropertyUnit gml:id="BasicPropertyUnit-01">
      <cp:inspireId>
        <base:Identifier>
          <base:localId>BasicPropertyUnit-01-localId</base:localId>
          <base:namespace>namespace</base:namespace>
        </base:Identifier>
      </cp:inspireId>
      <cp:nationalCadastralReference>nationalCadastralReference</cp:nationalCadastralReference>
      <cp:areaValue uom="m2">10</cp:areaValue>
      <cp:validFrom>2000-01-01T00:00:00.0Z</cp:validFrom>
      <cp:validTo>2001-01-01T00:00:00.0Z</cp:validTo>
      <cp:beginLifespanVersion>2002-01-01T00:00:00.0Z</cp:beginLifespanVersion>
      <cp:endLifespanVersion>2003-01-01T00:00:00.0Z</cp:endLifespanVersion>
      <cp:administrativeUnit xlink:type="simple" xlink:href="#AU.1" />
    </cp:BasicPropertyUnit>
  </gml:featureMember>
  <gml:featureMember>
    <cp:BasicPropertyUnit gml:id="BasicPropertyUnit-02">
      <cp:inspireId>
        <base:Identifier>
          <base:localId>BasicPropertyUnit-02-localId</base:localId>
          <base:namespace>namespace</base:namespace>
        </base:Identifier>
      </cp:inspireId>
      <cp:nationalCadastralReference>nationalCadastralReference</cp:nationalCadastralReference>
      <cp:validFrom>2000-01-01T00:00:00.0Z</cp:validFrom>
      <cp:beginLifespanVersion>2002-01-01T00:00:00.0Z</cp:beginLifespanVersion>
      <cp:administrativeUnit/>
    </cp:BasicPropertyUnit>
  </gml:featureMember>
</gml:FeatureCollection>
