<?xml version="1.0" encoding="UTF-8"?>
<!-- R - DSIX 2.16 N                              12-Jan-2011 10:12:13 -->
<!-- Verzeichnis E:\DAVIDweb\Tomcat557_AAA-DHK\AAA-DHK\webapps\AAA-DHK\libs -->
<!-- Schemadatei E:\DAVIDweb\Tomcat557_AAA-DHK\AAA-DHK\webapps\AAA-DHK\Schemata\Schemata_601\SchemataKunde\NAS-Operationen.xsd -->
<AX_NutzerbezogeneBestandsdatenaktualisierung_NBA
	xmlns="http://www.adv-online.de/namespaces/adv/gid/6.0"
 	xmlns:adv="http://www.adv-online.de/namespaces/adv/gid/6.0"
 	xmlns:advext="http://www.adv-online.de/namespaces/adv/gid/6.0/ext"
 	xmlns:gco="http://www.isotc211.org/2005/gco"
 	xmlns:gmd="http://www.isotc211.org/2005/gmd"
 	xmlns:gml="http://www.opengis.net/gml/3.2"
 	xmlns:nrw="http://www.lverma.nrw.de/namespaces/geobasis/3.5/eroeffnungsbilanz"
 	xmlns:ows="http://www.opengis.net/ows"
 	xmlns:wfs="http://www.adv-online.de/namespaces/adv/gid/wfs"
 	xmlns:wfsext="http://www.adv-online.de/namespaces/adv/gid/wfsext"
 	xmlns:xlink="http://www.w3.org/1999/xlink"
 	xmlns:xsd="http://www.w3.org/2001/XMLSchema"
 	xmlns:xsi="http://www.w3.org/2001/XMLSchema-instance"
	xmlns:ogc="http://www.adv-online.de/namespaces/adv/gid/ogc"
	xsi:schemaLocation="http://www.adv-online.de/namespaces/adv/gid/6.0 NAS-Operationen.xsd">
	<erlaeuterung>
	<![CDATA[<?xml version="1.0" encoding="UTF-8"?>
<IB_Protokoll
    xsi:schemaLocation="http://www.ibr-bonn.de/ibr IB_Protokoll.xsd"
    xmlns="http://www.ibr-bonn.de/ibr" xmlns:xsi="http://www.w3.org/2001/XMLSchema-instance">
    <auftragsid>000041AC</auftragsid>
    <profilkennung>NBA_RIO</profilkennung>
    <auftragsnr>NBA_1000_NBA_RIO_2011-04-29T00:00:00Z</auftragsnr>
    <antragsnr>NBA_NBA_RIO</antragsnr>
    <nasoperation>Benutzung</nasoperation>
    <operationsart>0040</operationsart>
    <status>beendet</status>
    <startzeitreal>2011-04-30T01:03:21.000Z</startzeitreal>
    <endzeitreal>2011-04-30T01:05:02.000Z</endzeitreal>
    <IB_Fehler>
        <fehlerobjekt fehlernummer="2362">
            <fehlerbeschreibung>Ergebnis wohlgeformt und valide gegen seine Schemadateien </fehlerbeschreibung>
            <fehlertyp>Meldung</fehlertyp>
        </fehlerobjekt>
    </IB_Fehler>
</IB_Protokoll>
	]]>
	</erlaeuterung>
	<erfolgreich>true</erfolgreich>
	<antragsnummer>NBA_NBA_RIO</antragsnummer>
	<allgemeineAngaben>
		<AX_K_Benutzungsergebnis>
			<empfaenger>
				<AA_Empfaenger>
					<manuell>-</manuell>
				</AA_Empfaenger>
			</empfaenger>
		</AX_K_Benutzungsergebnis>
	</allgemeineAngaben>
	<koordinatenangaben>
		<AA_Koordinatenreferenzsystemangaben>
			<crs xlink:href="urn:adv:crs:DE_DHDN_3GK3_NW101"></crs>
			<anzahlDerNachkommastellen>3</anzahlDerNachkommastellen>
			<standard>false</standard>
		</AA_Koordinatenreferenzsystemangaben>
	</koordinatenangaben>
	<koordinatenangaben>
		<AA_Koordinatenreferenzsystemangaben>
			<crs xlink:href="urn:adv:crs:ETRS89_UTM32"></crs>
			<anzahlDerNachkommastellen>3</anzahlDerNachkommastellen>
			<standard>true</standard>
		</AA_Koordinatenreferenzsystemangaben>
	</koordinatenangaben>
	<geaenderteObjekte>
		<wfs:Transaction version="1.0.0" service="WFS">
			<wfsext:Replace vendorId="AdV" safeToIgnore="false">
				<AX_Flurstueck gml:id="DENW44AL00003IkM20110429T070635Z">
					<gml:identifier codeSpace="http://www.adv-online.de/">urn:adv:oid:DENW44AL00003IkM20110429T070635Z</gml:identifier>
					<lebenszeitintervall>
						<AA_Lebenszeitintervall>
							<beginnt>2011-04-29T07:06:35Z</beginnt>
						</AA_Lebenszeitintervall>
					</lebenszeitintervall>
					<modellart>
						<AA_Modellart>
							<advStandardModell>DLKM</advStandardModell>
						</AA_Modellart>
					</modellart>
					<anlass>010402</anlass>
					<zeigtAufExternes>
						<AA_Fachdatenverbindung>
							<art>http://www.bezreg-koeln.nrw.de/extra/33alkis/art.htm#5200</art>
							<fachdatenobjekt>
								<AA_Fachdatenobjekt>
									<name>1988/     -</name>
								</AA_Fachdatenobjekt>
							</fachdatenobjekt>
						</AA_Fachdatenverbindung>
					</zeigtAufExternes>
					<zeigtAufExternes>
						<AA_Fachdatenverbindung>
							<art>http://www.bezreg-koeln.nrw.de/extra/33alkis/art.htm#5300</art>
							<fachdatenobjekt>
								<AA_Fachdatenobjekt>
									<name>2007/15545-53</name>
								</AA_Fachdatenobjekt>
							</fachdatenobjekt>
						</AA_Fachdatenverbindung>
					</zeigtAufExternes>
					<zeigtAufExternes>
						<AA_Fachdatenverbindung>
							<art>urn:adv:fachdatenverbindung:AA_Antrag</art>
							<fachdatenobjekt>
								<AA_Fachdatenobjekt>
									<uri>urn:adv:oid:DENW44AL0000ol3u</uri>
								</AA_Fachdatenobjekt>
							</fachdatenobjekt>
						</AA_Fachdatenverbindung>
					</zeigtAufExternes>
					<position>
						<gml:Surface gml:id="A4">
							<gml:patches>
								<gml:PolygonPatch>
									<gml:exterior>
										<gml:Ring>
											<gml:curveMember>
												<gml:Curve gml:id="A5">
													<gml:segments>
														<gml:LineStringSegment>
															<gml:posList>405587.077 5645095.264 405619.756 5645088.037</gml:posList>
														</gml:LineStringSegment>
													</gml:segments>
												</gml:Curve>
											</gml:curveMember>
											<gml:curveMember>
												<gml:Curve gml:id="A6">
													<gml:segments>
														<gml:LineStringSegment>
															<gml:posList>405619.756 5645088.037 405624.623 5645148.000</gml:posList>
														</gml:LineStringSegment>
													</gml:segments>
												</gml:Curve>
											</gml:curveMember>
											<gml:curveMember>
												<gml:Curve gml:id="A7">
													<gml:segments>
														<gml:LineStringSegment>
															<gml:posList>405624.623 5645148.000 405601.501 5645143.163</gml:posList>
														</gml:LineStringSegment>
													</gml:segments>
												</gml:Curve>
											</gml:curveMember>
											<gml:curveMember>
												<gml:Curve gml:id="A8">
													<gml:segments>
														<gml:LineStringSegment>
															<gml:posList>405601.501 5645143.163 405603.970 5645134.207 405591.735 5645131.468</gml:posList>
														</gml:LineStringSegment>
													</gml:segments>
												</gml:Curve>
											</gml:curveMember>
											<gml:curveMember>
												<gml:Curve gml:id="A9">
													<gml:segments>
														<gml:LineStringSegment>
															<gml:posList>405591.735 5645131.468 405592.874 5645126.920</gml:posList>
														</gml:LineStringSegment>
													</gml:segments>
												</gml:Curve>
											</gml:curveMember>
											<gml:curveMember>
												<gml:Curve gml:id="AA">
													<gml:segments>
														<gml:LineStringSegment>
															<gml:posList>405592.874 5645126.920 405592.875 5645107.339</gml:posList>
														</gml:LineStringSegment>
													</gml:segments>
												</gml:Curve>
											</gml:curveMember>
											<gml:curveMember>
												<gml:Curve gml:id="AB">
													<gml:segments>
														<gml:LineStringSegment>
															<gml:posList>405592.875 5645107.339 405587.077 5645095.264</gml:posList>
														</gml:LineStringSegment>
													</gml:segments>
												</gml:Curve>
											</gml:curveMember>
										</gml:Ring>
									</gml:exterior>
								</gml:PolygonPatch>
							</gml:patches>
						</gml:Surface>
					</position>
					<gemarkung>
						<AX_Gemarkung_Schluessel>
							<land>05</land>
							<gemarkungsnummer>4208</gemarkungsnummer>
						</AX_Gemarkung_Schluessel>
					</gemarkung>
					<flurstuecksnummer>
						<AX_Flurstuecksnummer>
							<zaehler>63</zaehler>
						</AX_Flurstuecksnummer>
					</flurstuecksnummer>
					<flurstueckskennzeichen>05420801400063______</flurstueckskennzeichen>
					<amtlicheFlaeche uom="urn:adv:uom:m2">1520.00</amtlicheFlaeche>
					<flurnummer>14</flurnummer>
					<abweichenderRechtszustand>false</abweichenderRechtszustand>
					<rechtsbehelfsverfahren>false</rechtsbehelfsverfahren>
					<zeitpunktDerEntstehung>1988-01-01</zeitpunktDerEntstehung>
					<gemeindezugehoerigkeit>
						<AX_Gemeindekennzeichen>
							<land>05</land>
							<regierungsbezirk>3</regierungsbezirk>
							<kreis>74</kreis>
							<gemeinde>040</gemeinde>
						</AX_Gemeindekennzeichen>
					</gemeindezugehoerigkeit>
					<zustaendigeStelle>
						<AX_Dienststelle_Schluessel>
							<land>05</land>
							<stelle>5212</stelle>
						</AX_Dienststelle_Schluessel>
					</zustaendigeStelle>
					<istGebucht xlink:href="urn:adv:oid:DENW44AL00003UOQ"/>
					<weistAuf xlink:href="urn:adv:oid:DENW44AL0000ol5r"/>
					<weistAuf xlink:href="urn:adv:oid:DENW44AL00003SGP"/>
				</AX_Flurstueck>
				<ogc:Filter>
					<ogc:FeatureId fid="DENW44AL00003IkM20100809T071726Z" />
				</ogc:Filter>
			</wfsext:Replace>
		</wfs:Transaction>
	</geaenderteObjekte>
	<auftragsnummer>NBA_1000_NBA_RIO_2011-04-29T00:00:00Z</auftragsnummer>
	<portionskennung>
		<AX_Portionskennung>
			<profilkennung>NBA_RIO</profilkennung>
			<datum>2011-04-30T00:00:00Z</datum>
			<laufendeNummerVonGesamtzahl>0</laufendeNummerVonGesamtzahl>
			<gesamtzahl>0</gesamtzahl>
			<suedwestEcke>0.000 0.000</suedwestEcke>
		</AX_Portionskennung>
	</portionskennung>
</AX_NutzerbezogeneBestandsdatenaktualisierung_NBA>
