<?xml version="1.0" encoding="UTF-8" standalone="yes"?>
<isd>
    <IMD>
	<NUMROWS>20</NUMROWS>
	<NUMCOLUMNS>20</NUMCOLUMNS>
	<BITSPERPIXEL>16</BITSPERPIXEL>
        <IMAGE>
                <SATID>WV03</SATID>
                <FIRSTLINETIME>2015-01-01T00:00:00.000000Z</FIRSTLINETIME>
                <CLOUDCOVER>2.700000000000000e-02</CLOUDCOVER>
        </IMAGE>
    </IMD>
    <TIL>
	<TILE>
	    <FILENAME>byte.TIF</FILENAME>
	    <ULCOLOFFSET>0</ULCOLOFFSET>
	    <ULROWOFFSET>0</ULROWOFFSET>
	    <LRCOLOFFSET>20</LRCOLOFFSET>
	    <LRROWOFFSET>20</LRROWOFFSET>
	</TILE>
    </TIL>
</isd>
